Ёдию,5
яРц╚ию,20
я╘╥дию,36
©Цвс,10
╦ъ╦Зп╛,75
мЮвс,90
Ёдию,95
яРц╚ию,5
я╘╥дию,20
©Цвс,36
╦ъ╦Зп╛,10
мЮвс,75
Ёдию,90
яРц╚ию,95
я╘╥дию,5
©Цвс,20
╦ъ╦Зп╛,36
мЮвс,10
Ёдию,75
яРц╚ию,90
я╘╥дию,95
©Цвс,5
╦ъ╦Зп╛,20
мЮвс,36
Ёдию,10
яРц╚ию,75
я╘╥дию,90
©Цвс,95
╦ъ╦Зп╛,5
мЮвс,20
Ёдию,36
яРц╚ию,10
я╘╥дию,75
©Цвс,90
╦ъ╦Зп╛,95
мЮвс,5
Ёдию,20
яРц╚ию,36
я╘╥дию,10
©Цвс,75
╦ъ╦Зп╛,90
мЮвс,95
Ёдию,5
яРц╚ию,20
я╘╥дию,36
©Цвс,10
я╘╥дию,75
©Цвс,90
╦ъ╦Зп╛,95
мЮвс,5
Ёдию,20
яРц╚ию,36
я╘╥дию,10
©Цвс,75
╦ъ╦Зп╛,90
мЮвс,95
Ёдию,5
яРц╚ию,20
я╘╥дию,36
©Цвс,10
╦ъ╦Зп╛,75
мЮвс,90
Ёдию,95
яРц╚ию,5
я╘╥дию,20
©Цвс,36
я╘╥дию,10
©Цвс,75
╦ъ╦Зп╛,90
мЮвс,95
Ёдию,5
яРц╚ию,20
я╘╥дию,36
©Цвс,10
╦ъ╦Зп╛,75
мЮвс,90
Ёдию,95
яРц╚ию,5
я╘╥дию,20
©Цвс,36
╦ъ╦Зп╛,10
мЮвс,75
Ёдию,90
яРц╚ию,95
я╘╥дию,5
©Цвс,20
я╘╥дию,36
©Цвс,10
╦ъ╦Зп╛,75
мЮвс,90
Ёдию,95
яРц╚ию,5
я╘╥дию,20
©Цвс,36
╦ъ╦Зп╛,10
мЮвс,75
Ёдию,90
яРц╚ию,95
я╘╥дию,5
©Цвс,20
╦ъ╦Зп╛,36
мЮвс,10
Ёдию,75
яРц╚ию,90
я╘╥дию,95
©Цвс,5
я╘╥дию,20
©Цвс,36
╦ъ╦Зп╛,10
мЮвс,75
Ёдию,90
яРц╚ию,95
я╘╥дию,5
©Цвс,20
╦ъ╦Зп╛,36
мЮвс,10
Ёдию,75
яРц╚ию,90
я╘╥дию,95
©Цвс,5
╦ъ╦Зп╛,20
мЮвс,36
Ёдию,10
яРц╚ию,75
я╘╥дию,90
©Цвс,95
я╘╥дию,5
©Цвс,20
╦ъ╦Зп╛,36
мЮвс,10
Ёдию,75
яРц╚ию,90
я╘╥дию,95
©Цвс,5
╦ъ╦Зп╛,20
мЮвс,36
Ёдию,10
яРц╚ию,75
я╘╥дию,90
©Цвс,95
╦ъ╦Зп╛,5
мЮвс,20
Ёдию,36
яРц╚ию,10
я╘╥дию,75
©Цвс,90
я╘╥дию,95
©Цвс,5
╦ъ╦Зп╛,20
мЮвс,36
Ёдию,10
яРц╚ию,75
я╘╥дию,90
©Цвс,95
╦ъ╦Зп╛,5
мЮвс,20
Ёдию,36
яРц╚ию,10
я╘╥дию,75
©Цвс,90
╦ъ╦Зп╛,95
мЮвс,5
Ёдию,20
яРц╚ию,36
я╘╥дию,10
©Цвс,75
я╘╥дию,90
©Цвс,95
╦ъ╦Зп╛,5
мЮвс,20
Ёдию,36
яРц╚ию,10
я╘╥дию,75
©Цвс,90
╦ъ╦Зп╛,95
мЮвс,5
Ёдию,20
яРц╚ию,36
я╘╥дию,10
©Цвс,75
╦ъ╦Зп╛,90
мЮвс,95
Ёдию,5
яРц╚ию,20
я╘╥дию,36
©Цвс,10
я╘╥дию,75
©Цвс,90
╦ъ╦Зп╛,95
мЮвс,5
Ёдию,20
яРц╚ию,36
я╘╥дию,10
©Цвс,75
╦ъ╦Зп╛,90
мЮвс,95
Ёдию,5
яРц╚ию,20
я╘╥дию,36
©Цвс,10
╦ъ╦Зп╛,75
мЮвс,90
Ёдию,95
яРц╚ию,5
я╘╥дию,20
©Цвс,36
я╘╥дию,10
©Цвс,75
╦ъ╦Зп╛,90
мЮвс,95
