生活资源,999
供热管理,888
工期管理,777
生活用水管理,588
一次供水问题,688
交通运输,466
城市交通,588
环境保护,512
场地产管理,420
城乡建设,120
社会保障与福利,110
 社会保障,40
文体与教育,480
公共安全,1520
公共交通运输,125
出租车运营管理,452
供热管理,354
市容环卫,325
自然资源管理,156
分成污染,845
噪声污染,754
土地资源管理,652
物业服务与管理,5622
医疗卫生,452
粉煤灰污染,126
占道,462
供热发展,456
农村土地改革规划,465
生活噪音,95
供热单位影响,45
生活资源,999
供热管理,888
工期管理,777
生活用水管理,588
一次供水问题,688
交通运输,466
城市交通,588
环境保护,512
场地产管理,420
城乡建设,120
社会保障与福利,110
 社会保障,40
文体与教育,480
公共安全,1520
公共交通运输,125
出租车运营管理,452
供热管理,354
市容环卫,325
自然资源管理,156
分成污染,845
噪声污染,754
土地资源管理,652
物业服务与管理,5622
医疗卫生,452
粉煤灰污染,126
占道,462
供热发展,456
农村土地改革规划,465
生活噪音,95
供热单位影响,45
生活资源,999
供热管理,888
工期管理,777
生活用水管理,588
一次供水问题,688
交通运输,466
城市交通,588
环境保护,512
场地产管理,420
城乡建设,120
社会保障与福利,110
 社会保障,40
文体与教育,480
公共安全,1520
公共交通运输,125
出租车运营管理,452
供热管理,354
市容环卫,325
自然资源管理,156
分成污染,845
噪声污染,754
土地资源管理,652
物业服务与管理,5622
医疗卫生,452
粉煤灰污染,126
占道,462
供热发展,456
农村土地改革规划,465
生活噪音,95
供热单位影响,45
生活资源,999
供热管理,888
工期管理,777
生活用水管理,588
一次供水问题,688
交通运输,466
城市交通,588
环境保护,512
场地产管理,420
城乡建设,120
社会保障与福利,110
 社会保障,40
文体与教育,480
公共安全,1520
公共交通运输,125
出租车运营管理,452
供热管理,354
市容环卫,325
自然资源管理,156
分成污染,845
噪声污染,754
土地资源管理,652
物业服务与管理,5622
医疗卫生,452
粉煤灰污染,126
占道,462
供热发展,456
农村土地改革规划,465
生活噪音,95
供热单位影响,45
生活资源,999
供热管理,888
工期管理,777
生活用水管理,588
一次供水问题,688
交通运输,466
城市交通,588
环境保护,512
场地产管理,420
城乡建设,120
社会保障与福利,110
 社会保障,40
文体与教育,480
公共安全,1520
公共交通运输,125
出租车运营管理,452
供热管理,354
市容环卫,325
自然资源管理,156
分成污染,845
噪声污染,754
土地资源管理,652
物业服务与管理,5622
医疗卫生,452
粉煤灰污染,126
占道,462
供热发展,456
农村土地改革规划,465
生活噪音,95
供热单位影响,45
生活资源,999
供热管理,888
工期管理,777
生活用水管理,588
一次供水问题,688
交通运输,466
城市交通,588
环境保护,512
场地产管理,420
城乡建设,120
社会保障与福利,110
 社会保障,40
文体与教育,480
公共安全,1520
公共交通运输,125
出租车运营管理,452
供热管理,354
市容环卫,325
自然资源管理,156
分成污染,845
噪声污染,754
土地资源管理,652
物业服务与管理,5622
医疗卫生,452
粉煤灰污染,126
占道,462
供热发展,456
农村土地改革规划,465
生活噪音,95
供热单位影响,45
生活资源,999
供热管理,888
工期管理,777
生活用水管理,588
一次供水问题,688
交通运输,466
城市交通,588
环境保护,512
场地产管理,420
城乡建设,120
社会保障与福利,110
 社会保障,40
文体与教育,480
公共安全,1520
公共交通运输,125
出租车运营管理,452
供热管理,354
市容环卫,325
自然资源管理,156
分成污染,845
噪声污染,754
土地资源管理,652
物业服务与管理,5622
医疗卫生,452
粉煤灰污染,126
占道,462
供热发展,456
农村土地改革规划,465
生活噪音,95
供热单位影响,45
